Name	Data Set Characteristics	Attribute Characteristics	Associated Tasks	Number of Instances	Number of Attributes	Missing Values	Area	Date Donated	Number of Web Hits	Number of Citations
Adult	Multivariate	Categorical, Integer	Classification	48842	14	Yes	Social	1996-05-01	1986671	51
Annealing	Multivariate	Categorical, Integer, Real	Classification	798	38	Yes	Physical		171695	6
Anonymous Microsoft Web Data		Categorical	Recommender-Systems	37711	294		Computer	1998-11-01	185604	4
Arrhythmia	Multivariate	Categorical, Integer, Real	Classification	452	279	Yes	Life	1998-01-01	329799	3
Artificial Characters	Multivariate	Categorical, Integer, Real	Classification	6000	7	No	Computer	1992-07-01	253712	0
Audiology (Original)	Multivariate	Categorical	Classification	226		Yes	Life	1987-12-03	114102	19
Audiology (Standardized)	Multivariate	Categorical	Classification	226	69	Yes	Life	1992-08-18	108629	19
Auto MPG	Multivariate	Categorical, Real	Regression	398	8	Yes		1993-07-07	597729	12
Automobile	Multivariate	Categorical, Integer, Real	Regression	205	26	Yes		1987-05-19	560580	3
Badges	Univariate, Text		Classification	294	1	No		1994-09-01	120273	0
Balance Scale	Multivariate	Categorical	Classification	625	4	No	Social	1994-04-22	265401	8
Balloons	Multivariate	Categorical	Classification	16	4	No	Social		300288	1
Breast Cancer	Multivariate	Categorical	Classification	286	9	Yes	Life	1988-07-11	509776	91
Breast Cancer Wisconsin (Original)	Multivariate	Integer	Classification	699	10	Yes	Life	1992-07-15	645813	40
Breast Cancer Wisconsin (Prognostic)	Multivariate	Real	Classification, Regression	198	34	Yes	Life	1995-12-01	222871	40
Breast Cancer Wisconsin (Diagnostic)	Multivariate	Real	Classification	569	32	No	Life	1995-11-01	1371186	40
Pittsburgh Bridges	Multivariate	Categorical, Integer	Classification	108	13	Yes		1990-08-01	106186	2
Car Evaluation	Multivariate	Categorical	Classification	1728	6	No		1997-06-01	1272802	16
Census Income	Multivariate	Categorical, Integer	Classification	48842	14	Yes	Social	1996-05-01	485177	24
Chess (King-Rook vs. King-Knight)	Multivariate, Data-Generator	Categorical, Integer	Classification		22	No	Game	1988-10-03	74500	26
Chess (King-Rook vs. King-Pawn)	Multivariate	Categorical	Classification	3196	36	No	Game	1989-08-01	120318	26
Chess (King-Rook vs. King)	Multivariate	Categorical, Integer	Classification	28056	6	No	Game	1994-06-01	131414	26
Chess (Domain Theories)	Domain-Theory						Game		53766	1
Bach Chorales	Univariate, Time-Series	Categorical, Integer		100	6	No			135949	5
Connect-4	Multivariate, Spatial	Categorical	Classification	67557	42	No	Game	1995-02-04	166682	2
Credit Approval	Multivariate	Categorical, Integer, Real	Classification	690	15	Yes	Financial		447364	4
Japanese Credit Screening	Multivariate, Domain-Theory	Categorical, Real, Integer	Classification	125			Financial	1992-03-19	111457	1
Computer Hardware	Multivariate	Integer	Regression	209	9	No	Computer	1987-10-01	320811	2
Contraceptive Method Choice	Multivariate	Categorical, Integer	Classification	1473	9	No	Life	1997-07-07	201440	3
Covertype	Multivariate	Categorical, Integer	Classification	581012	54	No	Life	1998-08-01	298854	6
Cylinder Bands	Multivariate	Categorical, Integer, Real	Classification	512	39	Yes	Physical	1995-08-01	80117	6
Dermatology	Multivariate	Categorical, Integer	Classification	366	33	Yes	Life	1998-01-01	231284	8
Diabetes	Multivariate, Time-Series	Categorical, Integer			20		Life		520492	53
DGP2 - The Second Data Generation Program	Data-Generator	Real							32488	0
Document Understanding						No		1994-11-01	45607	0
EBL Domain Theories							Computer		24810	0
Echocardiogram	Multivariate	Categorical, Integer, Real	Classification	132	12	Yes	Life	1989-02-28	195765	5
Ecoli	Multivariate	Real	Classification	336	8	No	Life	1996-09-01	241298	12
Flags	Multivariate	Categorical, Integer	Classification	194	30	No		1990-05-15	313938	3
Function Finding		Real	Function-Learning	352		No	Physical	1990-09-01	55362	0
Glass Identification	Multivariate	Real	Classification	214	10	No	Physical	1987-09-01	362396	52
Haberman's Survival	Multivariate	Integer	Classification	306	3	No	Life	1999-03-04	219969	4
Hayes-Roth	Multivariate	Categorical	Classification	160	5	No	Social	1989-03-01	104622	5
Heart Disease	Multivariate	Categorical, Integer, Real	Classification	303	75	Yes	Life	1988-07-01	1361041	58
Hepatitis	Multivariate	Categorical, Integer, Real	Classification	155	19	Yes	Life	1988-11-01	268176	33
Horse Colic	Multivariate	Categorical, Integer, Real	Classification	368	27	Yes	Life	1989-08-06	154680	13
ICU	Multivariate, Time-Series	Real				No	Life		97444	0
Image Segmentation	Multivariate	Real	Classification	2310	19	No		1990-11-01	204952	15
Internet Advertisements	Multivariate	Categorical, Integer, Real	Classification	3279	1558	Yes	Computer	1998-07-01	363637	3
Ionosphere	Multivariate	Integer, Real	Classification	351	34	No	Physical	1989-01-01	240639	55
Iris	Multivariate	Real	Classification	150	4	No	Life	1988-07-01	3659898	100
ISOLET	Multivariate	Real	Classification	7797	617	No	Computer	1994-09-12	126863	11
Kinship	Relational	Categorical	Relational-Learning	104	12	No	Social	1990-07-01	78602	0
Labor Relations	Multivariate	Categorical, Integer, Real		57	16	No	Social	1988-11-01	81371	17
LED Display Domain	Multivariate, Data-Generator	Categorical	Classification		7	No	Computer	1988-11-10	71399	9
Lenses	Multivariate	Categorical	Classification	24	4	No		1990-08-01	179915	11
Letter Recognition	Multivariate	Integer	Classification	20000	16	No	Computer	1991-01-01	404155	16
Liver Disorders	Multivariate	Categorical, Integer, Real		345	7	No	Life	1990-05-15	185242	23
Logic Theorist	Domain-Theory						Computer		34891	0
Lung Cancer	Multivariate	Integer	Classification	32	56	Yes	Life	1992-05-01	315652	3
Lymphography	Multivariate	Categorical	Classification	148	18	No	Life	1988-11-01	93005	12
Mechanical Analysis	Multivariate	Categorical, Integer, Real	Classification	209	8	No	Computer	1990-06-01	102767	0
Meta-data	Multivariate	Categorical, Integer, Real	Classification	528	22	Yes		1996-03-01	76903	0
Mobile Robots	Domain-Theory	Categorical, Integer, Real					Computer	1995-07-15	76294	1
Molecular Biology (Promoter Gene Sequences)	Sequential, Domain-Theory	Categorical	Classification	106	58	No	Life	1990-06-30	80274	37
Molecular Biology (Protein Secondary Structure)	Sequential	Categorical	Classification	128			Life		57465	6
Molecular Biology (Splice-junction Gene Sequences)	Sequential, Domain-Theory	Categorical	Classification	3190	61	No	Life	1992-01-01	104250	30
MONK's Problems	Multivariate	Categorical	Classification	432	7	No		1992-10-01	214448	15
Moral Reasoner	Domain-Theory			202			Computer	1994-06-01	40812	0
Multiple Features	Multivariate	Integer, Real	Classification	2000	649	No	Computer		115138	5
Mushroom	Multivariate	Categorical	Classification	8124	22	Yes	Life	1987-04-27	577047	46
Musk (Version 1)	Multivariate	Integer	Classification	476	168	No	Physical	1994-09-12	68910	13
Musk (Version 2)	Multivariate	Integer	Classification	6598	168	No	Physical	1994-09-12	74377	13
Nursery	Multivariate	Categorical	Classification	12960	8	No	Social	1997-06-01	206068	12
Othello Domain Theory	Domain-Theory					No	Game	1991-02-01	28540	0
Page Blocks Classification	Multivariate	Integer, Real	Classification	5473	10	No	Computer	1995-07-01	100672	3
Optical Recognition of Handwritten Digits	Multivariate	Integer	Classification	5620	64	No	Computer	1998-07-01	287733	6
Pen-Based Recognition of Handwritten Digits	Multivariate	Integer	Classification	10992	16	No	Computer	1998-07-01	234444	18
Post-Operative Patient	Multivariate	Categorical, Integer	Classification	90	8	Yes	Life	1993-06-01	109965	3
Primary Tumor	Multivariate	Categorical	Classification	339	17	Yes	Life	1988-11-01	137171	8
Prodigy	Domain-Theory								34851	0
Qualitative Structure Activity Relationships	Domain-Theory						Physical		27700	0
Quadruped Mammals	Multivariate, Data-Generator	Real	Classification		72	No	Life	1992-08-25	68899	0
Servo	Multivariate	Categorical, Integer	Regression	167	4	No	Computer	1993-05-01	110019	10
Shuttle Landing Control	Multivariate	Categorical	Classification	15	6	No	Physical	1988-11-01	107272	2
Solar Flare	Multivariate	Categorical	Regression	1389	10	No	Physical	1989-03-01	155101	7
Soybean (Large)	Multivariate	Categorical	Classification	307	35	Yes	Life	1988-07-11	131545	49
Soybean (Small)	Multivariate	Categorical	Classification	47	35	No	Life	1987-01-01	105438	49
Challenger USA Space Shuttle O-Ring	Multivariate	Integer	Regression	23	4	No	Physical	1993-08-05	145383	3
Low Resolution Spectrometer	Multivariate	Integer, Real	Classification	531	102		Physical	1988-03-01	54409	0
Spambase	Multivariate	Integer, Real	Classification	4601	57	Yes	Computer	1999-07-01	541406	4
SPECT Heart	Multivariate	Categorical	Classification	267	22	No	Life	2001-10-01	208770	4
SPECTF Heart	Multivariate	Integer	Classification	267	44	No	Life	2001-10-01	96761	1
Sponge	Multivariate	Categorical, Integer	Clustering	76	45	Yes	Life		96572	0
Statlog Project								1992-10-01	48556	47
Student Loan Relational	Domain-Theory			1000			Social	1993-01-01	70202	0
Teaching Assistant Evaluation	Multivariate	Categorical, Integer	Classification	151	5	No		1997-06-07	166900	0
Tic-Tac-Toe Endgame	Multivariate	Categorical	Classification	958	9	No	Game	1991-08-19	250521	19
Thyroid Disease	Multivariate, Domain-Theory	Categorical, Real	Classification	7200	21		Life	1987-01-01	249361	26
Trains	Multivariate	Categorical	Classification	10	32			1994-06-24	160218	1
University	Multivariate	Categorical, Integer	Classification	285	17	Yes		1988-07-01	228959	0
Congressional Voting Records	Multivariate	Categorical	Classification	435	16	Yes	Social	1987-04-27	230879	20
Water Treatment Plant	Multivariate	Integer, Real	Clustering	527	38		Physical	1993-06-01	150530	0
Waveform Database Generator (Version 1)	Multivariate, Data-Generator	Real	Classification	5000	21	No	Physical	1988-11-10	76803	35
Waveform Database Generator (Version 2)	Multivariate, Data-Generator	Real	Classification	5000	40	No	Physical	1988-11-10	62064	35
Wine	Multivariate	Integer, Real	Classification	178	13	No	Physical	1991-07-01	1534939	40
Yeast	Multivariate	Real	Classification	1484	8	No	Life	1996-09-01	314865	11
Zoo	Multivariate	Categorical, Integer	Classification	101	17	No	Life	1990-05-15	334220	16
Undocumented									28537	0
Twenty Newsgroups	Text			20000		No		1999-09-09	118417	0
Australian Sign Language signs	Multivariate, Time-Series	Categorical, Real	Classification	6650	15			1999-04-20	102967	1
Australian Sign Language signs (High Quality)	Multivariate, Time-Series	Real	Classification	2565	22			2002-02-26	114586	1
US Census Data (1990)	Multivariate	Categorical	Clustering	2458285	68		Social		161346	4
Census-Income (KDD)	Multivariate	Categorical, Integer	Classification	299285	40	Yes	Social	2000-03-07	180961	4
Coil 1999 Competition Data	Multivariate	Categorical, Real		340	17	No	Physical	1999-09-09	51957	0
Corel Image Features	Multivariate	Real		68040	89			1999-07-01	88833	1
E. Coli Genes	Relational					Yes	Life	2001-07-14	49249	7
EEG Database	Multivariate, Time-Series	Categorical, Integer, Real		122	4	Yes	Life	1999-10-13	220016	2
El Nino	Spatio-temporal	Integer, Real		178080	12	Yes	Physical	1999-06-30	102331	1
Entree Chicago Recommendation Data	Transactional, Sequential	Categorical	Recommender-Systems	50672		Yes		2000-03-09	96276	1
CMU Face Images	Image	Integer	Classification	640		Yes		1999-06-24	152037	2
Insurance Company Benchmark (COIL 2000)	Multivariate	Categorical, Integer	Regression, Description	9000	86	No	Social	2000-07-03	160678	3
Internet Usage Data	Multivariate	Categorical, Integer		10104	72	No	Computer	1999-06-30	119658	0
IPUMS Census Database	Multivariate	Categorical, Integer		256932	61		Social	1999-11-09	42443	3
Japanese Vowels	Multivariate, Time-Series	Real	Classification	640	12				113481	0
KDD Cup 1998 Data	Multivariate	Categorical, Integer	Regression	191779	481	Yes		1998-07-20	80330	1
KDD Cup 1999 Data	Multivariate	Categorical, Integer	Classification	4000000	42		Computer	1999-01-01	160323	1
M. Tuberculosis Genes	Relational						Life	2001-07-14	38867	0
Movie	Multivariate, Relational			10000		Yes		1999-07-07	216849	1
MSNBC.com Anonymous Web Data	Sequential	Categorical		989818			Computer		83247	0
NSF Research Award Abstracts 1990-2003	Text			129000				2003-11-18	48646	0
Pioneer-1 Mobile Robot Data	Multivariate, Time-Series	Categorical, Real					Computer	1999-01-28	40154	0
Pseudo Periodic Synthetic Time Series	Univariate, Time-Series			100000				1999-02-08	46804	0
Reuters-21578 Text Categorization Collection	Text	Categorical	Classification	21578	5			1997-09-26	196134	9
Robot Execution Failures	Multivariate, Time-Series	Integer	Classification	463	90		Physical	1999-04-23	105221	0
Synthetic Control Chart Time Series	Time-Series	Real	Classification, Clustering	600		No		1999-06-08	81771	0
Syskill and Webert Web Page Ratings	Multivariate, Text	Categorical	Classification	332	5		Computer	1998-10-20	69250	1
UNIX User Data	Text, Sequential						Computer		56500	1
Volcanoes on Venus - JARtool experiment	Image		Classification			Yes	Physical		49947	0
Statlog (Australian Credit Approval)	Multivariate	Categorical, Integer, Real	Classification	690	14	Yes	Financial		174253	11
Statlog (German Credit Data)	Multivariate	Categorical, Integer	Classification	1000	20		Financial	1994-11-17	656633	7
Statlog (Heart)	Multivariate	Categorical, Real	Classification	270	13	No	Life		230908	4
Statlog (Landsat Satellite)	Multivariate	Integer	Classification	6435	36		Physical	1993-02-13	137293	28
Statlog (Image Segmentation)	Multivariate	Real	Classification	2310	19	No		1990-11-01	62792	15
Statlog (Shuttle)	Multivariate	Integer	Classification	58000	9		Physical		143407	24
Statlog (Vehicle Silhouettes)	Multivariate	Integer	Classification	946	18				132245	25
Connectionist Bench (Nettalk Corpus)	Multivariate	Categorical		20008	4				47831	11
Connectionist Bench (Sonar, Mines vs. Rocks)	Multivariate	Real	Classification	208	60		Physical		191411	53
Connectionist Bench (Vowel Recognition - Deterding Data)		Real	Classification	528	10				76593	2
Economic Sanctions	Domain-Theory						Financial		60955	1
Protein Data							Life		73560	16
Cloud	Multivariate	Real		1024	10		Physical	1989-08-03	135379	4
CalIt2 Building People Counts	Multivariate, Time-Series	Categorical, Integer		10080	4	No		2006-12-01	55437	0
Dodgers Loop Sensor	Multivariate, Time-Series	Categorical, Integer		50400	3	Yes		2006-12-01	76188	0
Poker Hand	Multivariate	Categorical, Integer	Classification	1025010	11	No	Game	2007-01-01	621039	0
MAGIC Gamma Telescope	Multivariate	Real	Classification	19020	11	No	Physical	2007-05-01	119235	0
UJI Pen Characters	Multivariate, Sequential	Integer	Classification	1364		No	Computer	2007-06-01	98950	0
Mammographic Mass	Multivariate	Integer	Classification	961	6	Yes	Life	2007-10-29	178901	0
Forest Fires	Multivariate	Real	Regression	517	13		Physical	2008-02-29	942930	0
Reuters Transcribed Subset	Text		Classification	200			Business	2008-03-08	57837	0
Bag of Words	Text	Integer	Clustering	8000000	100000			2008-03-12	317912	0
Concrete Compressive Strength	Multivariate	Real	Regression	1030	9		Physical	2007-08-03	219055	0
Hill-Valley	Sequential	Real	Classification	606	101			2008-03-20	72425	0
Arcene	Multivariate	Real	Classification	900	10000		Life	2008-02-29	136812	0
Dexter	Multivariate	Integer	Classification	2600	20000			2008-02-29	105877	0
Dorothea	Multivariate	Integer	Classification	1950	100000		Life	2008-02-29	112086	0
Gisette	Multivariate	Integer	Classification	13500	5000		Computer	2008-02-29	120733	0
Madelon	Multivariate	Real	Classification	4400	500			2008-02-29	138623	0
Ozone Level Detection	Multivariate, Sequential, Time-Series	Real	Classification	2536	73	Yes	Physical	2008-04-21	144007	0
Abscisic Acid Signaling Network	Multivariate	Integer	Causal-Discovery	300	43		Life	2008-04-03	57579	0
Parkinsons	Multivariate	Real	Classification	197	23		Life	2008-06-26	278672	0
Character Trajectories	Time-Series	Real	Classification, Clustering	2858	3		Computer	2008-08-20	151143	0
Blood Transfusion Service Center	Multivariate	Real	Classification	748	5		Business	2008-10-03	340420	0
UJI Pen Characters (Version 2)	Multivariate, Sequential	Integer	Classification	11640			Computer	2009-01-22	66101	0
Semeion Handwritten Digit	Multivariate	Integer	Classification	1593	256		Computer	2008-11-11	130508	0
SECOM	Multivariate	Real	Classification, Causal-Discovery	1567	591	Yes	Computer	2008-11-19	127328	0
Plants	Multivariate	Categorical	Clustering	22632	70	Yes	Life	2008-12-31	198243	0
Libras Movement	Multivariate, Sequential	Real	Classification, Clustering	360	91			2009-08-17	86876	0
Concrete Slump Test	Multivariate	Real	Regression	103	10		Computer	2009-04-30	103363	0
Communities and Crime	Multivariate	Real	Regression	1994	128	Yes	Social	2009-07-13	298858	0
Acute Inflammations	Multivariate	Categorical, Integer	Classification	120	6	No	Life	2009-02-11	182134	0
Wine Quality	Multivariate	Real	Classification, Regression	4898	12		Business	2009-10-07	1357722	0
URL Reputation	Multivariate, Time-Series	Integer, Real	Classification	2396130	3231961		Computer	2009-10-15	141574	0
p53 Mutants	Multivariate	Real	Classification	16772	5409	Yes	Life	2010-02-09	81208	0
Parkinsons Telemonitoring	Multivariate	Integer, Real	Regression	5875	26		Life	2009-10-29	155794	0
Demospongiae	Multivariate	Integer	Classification	503		Yes	Life	2010-01-21	56823	0
Opinosis Opinion ⁄ Review	Text			51			Computer	2010-07-06	50356	0
Breast Tissue	Multivariate	Real	Classification	106	10		Life	2010-05-10	129545	0
Cardiotocography	Multivariate	Real	Classification	2126	23		Life	2010-09-07	175851	0
Wall-Following Robot Navigation Data	Multivariate, Sequential	Real	Classification	5456	24		Computer	2010-08-04	64389	0
Spoken Arabic Digit	Multivariate, Time-Series	Real	Classification	8800	13	No		2010-09-13	79810	0
Localization Data for Person Activity	Univariate, Sequential, Time-Series	Real	Classification	164860	8		Life	2010-11-03	108647	0
AutoUniv	Multivariate	Categorical, Integer, Real	Classification					2010-11-03	60527	0
Steel Plates Faults	Multivariate	Integer, Real	Classification	1941	27		Physical	2010-10-26	85274	0
MiniBooNE particle identification	Multivariate	Real	Classification	130065	50		Physical	2010-12-13	53612	0
YearPredictionMSD	Multivariate	Real	Regression	515345	90			2011-02-07	183649	0
PEMS-SF	Multivariate, Time-Series	Real	Classification	440	138672		Computer	2011-05-22	72497	0
OpinRank Review Dataset	Text						Computer	2011-07-26	52291	0
Relative location of CT slices on axial axis	Domain-Theory	Real	Regression	53500	386		Computer	2011-07-07	58565	0
Online Handwritten Assamese Characters Dataset	Multivariate, Sequential	Integer	Classification	8235			Computer	2011-04-01	48489	0
PubChem Bioassay Data	Multivariate	Integer, Real	Classification				Life	2011-03-29	40124	0
Record Linkage Comparison Patterns	Multivariate	Real	Classification	5749132	12	Yes		2011-03-10	82148	0
Communities and Crime Unnormalized	Multivariate	Real	Regression	2215	147	Yes	Social	2011-03-02	150123	0
Vertebral Column	Multivariate	Real	Classification	310	6			2011-08-09	175235	0
EMG Physical Action Data Set	Time-Series	Real	Classification	10000	8		Physical	2011-07-27	88231	0
Vicon Physical Action Data Set	Time-Series	Real	Classification	3000	27		Physical	2011-07-27	54055	0
Amazon Commerce reviews set	Multivariate, Text, Domain-Theory	Real	Classification	1500	10000		Physical	2011-06-11	205610	0
Amazon Access Samples	Time-Series, Domain-Theory		Regression, Clustering, Causal-Discovery	30000	20000		Business	2011-09-13	211560	0
Reuter_50_50	Multivariate, Text, Domain-Theory	Real	Classification, Clustering	2500	10000		Computer	2011-09-08	66928	0
Farm Ads	Text		Classification	4143	54877		Business	2011-10-18	76637	0
DBWorld e-mails	Text		Classification	64	4702		Computer	2011-11-06	60760	0
KEGG Metabolic Relation Network (Directed)	Multivariate, Univariate, Text	Integer, Real	Classification, Regression, Clustering	53414	24		Life	2011-11-28	58168	0
KEGG Metabolic Reaction Network (Undirected)	Multivariate, Univariate, Text	Integer, Real	Classification, Regression, Clustering	65554	29	Yes	Life	2011-11-28	55411	0
Bank Marketing	Multivariate	Real	Classification	45211	17		Business	2012-02-14	1324241	0
YouTube Comedy Slam Preference Data	Text		Classification	1138562	3		Computer	2012-04-10	94374	0
Gas Sensor Array Drift Dataset	Multivariate	Real	Classification	13910	128		Computer	2012-04-25	146411	0
ILPD (Indian Liver Patient Dataset)	Multivariate	Integer, Real	Classification	583	10		Life	2012-05-21	139041	0
OPPORTUNITY Activity Recognition	Multivariate, Time-Series	Real	Classification	2551	242	Yes	Computer	2012-06-09	102694	0
Nomao	Univariate	Real	Classification	34465	120	Yes	Computer	2012-07-04	53572	0
SMS Spam Collection	Multivariate, Text, Domain-Theory	Real	Classification, Clustering	5574			Computer	2012-06-22	328736	0
Skin Segmentation	Univariate	Real	Classification	245057	4		Computer	2012-07-17	210264	0
Planning Relax	Univariate	Real	Classification	182	13		Computer	2012-07-17	61361	0
PAMAP2 Physical Activity Monitoring	Multivariate, Time-Series	Real	Classification	3850505	52	Yes	Computer	2012-08-06	97910	0
Restaurant & consumer data	Multivariate			138	47	Yes	Computer	2012-08-04	147789	0
CNAE-9	Multivariate, Text	Integer	Classification	1080	857		Business	2012-08-03	67303	0
Individual household electric power consumption	Multivariate, Time-Series	Real	Regression, Clustering	2075259	9	Yes	Physical	2012-08-30	387231	0
seeds	Multivariate	Real	Classification, Clustering	210	7		Life	2012-09-29	322867	0
Northix	Multivariate, Univariate, Text	Integer, Real	Classification	115	200		Computer	2012-08-15	39105	0
QtyT40I10D100K	Sequential	Integer		3960456	4			2012-10-21	42109	0
Legal Case Reports	Text		Classification					2012-10-19	92379	0
Human Activity Recognition Using Smartphones	Multivariate, Time-Series		Classification, Clustering	10299	561		Computer	2012-12-10	1055781	0
One-hundred plant species leaves data set		Real	Classification	1600	64		Life	2012-12-03	74973	0
Energy efficiency	Multivariate	Integer, Real	Classification, Regression	768	8		Computer	2012-11-30	322416	0
Yacht Hydrodynamics	Multivariate	Real	Regression	308	7		Physical	2013-01-03	104072	0
Fertility	Multivariate	Real	Classification, Regression	100	10		Life	2013-01-17	209911	0
Daphnet Freezing of Gait	Multivariate, Time-Series	Real	Classification	237	9		Life	2013-03-07	73482	0
3D Road Network (North Jutland, Denmark)	Sequential, Text	Real	Regression, Clustering	434874	4		Computer	2013-04-16	193578	0
ISTANBUL STOCK EXCHANGE	Multivariate, Univariate, Time-Series	Real	Classification, Regression	536	8		Business	2013-06-01	140877	0
Buzz in social media 	Time-Series, Multivariate	Integer, Real	Regression, Classification	140000	77		Computer	2013-05-27	163413	0
First-order theorem proving	Multivariate	Real	Classification	6118	51		Computer	2013-04-17	44411	0
Wearable Computing: Classification of Body Postures and Movements (PUC-Rio)	Sequential	Integer, Real	Classification	165632	18		Computer	2013-04-09	60663	0
Gas sensor arrays in open sampling settings	Multivariate, Time-Series	Real	Classification	18000	1950000		Computer	2013-06-05	47788	0
Climate Model Simulation Crashes	Multivariate	Real	Classification	540	18		Physical	2013-06-18	89502	0
MicroMass	Multivariate	Real	Classification	931	1300		Life	2013-08-12	48533	0
QSAR biodegradation	Multivariate	Integer, Real	Classification	1055	41			2013-06-21	49524	0
BLOGGER	Multivariate		Classification	100	6		Computer	2013-07-06	84685	0
Daily and Sports Activities	Multivariate, Time-Series	Real	Classification, Clustering	9120	5625		Computer	2013-07-08	195854	0
User Knowledge Modeling	Multivariate	Integer	Classification, Clustering	403	5		Computer	2013-06-26	131119	0
Reuters RCV1 RCV2 Multilingual, Multiview Text Categorization Test collection	Multivariate	Real	Classification	111740			Life	2013-09-06	62076	0
NYSK	Multivariate, Sequential, Text		Clustering	10421	7		Social	2013-10-11	54755	0
Turkiye Student Evaluation	Multivariate		Classification, Clustering	5820	33			2013-09-01	104008	0
ser Knowledge Modeling Data (Students' Knowledge Levels on DC Electrical Machines)	Multivariate	Real	Classification	403	5		Computer	2013-06-20	39158	0
EEG Eye State	Multivariate, Sequential, Time-Series	Integer, Real	Classification	14980	15		Life	2013-06-10	127394	0
Physicochemical Properties of Protein Tertiary Structure	Multivariate	Real	Regression	45730	9		Life	2013-03-31	57640	0
seismic-bumps	Multivariate	Real	Classification	2584	19			2013-04-03	68655	0
banknote authentication	Multivariate	Real	Classification	1372	5		Computer	2013-04-16	274243	0
USPTO Algorithm Challenge, run by NASA-Harvard Tournament Lab and TopCoder    Problem: Pat	Domain-Theory	Integer	Classification	306	5			2013-10-13	34596	0
YouTube Multiview Video Games Dataset	Multivariate, Text	Integer, Real	Classification, Clustering	120000	1000000	Yes	Computer	2013-10-16	133283	0
Gas Sensor Array Drift Dataset at Different Concentrations	Multivariate, Time-Series	Real	Classification, Regression, Clustering, Causa	13910	129		Computer	2013-10-23	72574	0
Activities of Daily Living (ADLs) Recognition Using Binary Sensors	Multivariate, Sequential, Time-Series		Classification, Clustering	2747			Computer	2013-10-28	93173	0
SkillCraft1 Master Table Dataset	Multivariate	Integer, Real	Regression	3395	20	Yes	Game	2013-10-22	66331	0
Weight Lifting Exercises monitored with Inertial Measurement Units	Multivariate	Real	Classification	39242	152	Yes	Physical	2013-11-24	46640	0
SML2010	Multivariate, Sequential, Time-Series, Text	Real	Regression	4137	24	Yes	Computer	2014-01-09	130020	0
Bike Sharing Dataset	Univariate	Integer, Real	Regression	17389	16		Social	2013-12-20	523916	0
Predict keywords activities in a online social media	Multivariate, Sequential, Time-Series	Integer, Real		51	35		Computer	2013-12-12	46535	0
Thoracic Surgery Data	Multivariate	Integer, Real	Classification	470	17		Life	2013-11-13	104565	0
EMG dataset in Lower Limb	Multivariate, Time-Series	Real		132	5		Computer	2014-02-05	51147	0
SUSY		Real	Classification	5000000	18		Physical	2014-02-12	72542	0
HIGGS		Real	Classification	11000000	28		Physical	2014-02-12	157406	0
Qualitative_Bankruptcy	Multivariate		Classification	250	7		Computer	2014-02-09	84097	0
LSVT Voice Rehabilitation	Multivariate	Real	Classification	126	309		Life	2014-02-19	35898	0
Dataset for ADL Recognition with Wrist-worn Accelerometer	Multivariate, Time-Series		Classification, Clustering		3		Computer	2014-02-11	81587	0
Wilt	Multivariate		Classification	4889	6		Life	2014-03-13	61955	0
User Identification From Walking Activity	Univariate, Sequential, Time-Series	Real	Classification, Clustering					2014-03-02	75617	0
Activity Recognition from Single Chest-Mounted Accelerometer	Univariate, Sequential, Time-Series	Real	Classification, Clustering					2014-03-02	113864	0
Leaf	Multivariate	Real	Classification	340	16		Computer	2014-02-24	131614	0
Dresses_Attribute_Sales	Text		Classification, Clustering	501	13	Yes	Computer	2014-02-19	113266	0
Tamilnadu Electricity Board Hourly Readings	Multivariate	Real	Classification, Regression, Clustering	45781	5		Life	2013-12-22	76681	0
Airfoil Self-Noise	Multivariate	Real	Regression	1503	6		Physical	2014-03-04	139067	0
Wholesale customers	Multivariate	Integer	Classification, Clustering	440	8		Business	2014-03-31	363377	0
Twitter Data set for Arabic Sentiment Analysis	Text		Classification	2000	2		Social	2014-04-11	93511	0
Combined Cycle Power Plant	Multivariate	Real	Regression	9568	4		Computer	2014-03-26	182003	0
Urban Land Cover	Multivariate		Classification	168	148		Physical	2014-03-27	48830	0
Diabetes 130-US hospitals for years 1999-2008	Multivariate	Integer	Classification, Clustering	100000	55	Yes	Life	2014-05-03	329230	0
Bach Choral Harmony	Sequential		Classification	5665	17			2014-05-20	51347	0
StoneFlakes	Multivariate	Real	Classification, Clustering, Causal-Discovery	79	8	Yes		2014-05-20	64749	0
Tennis Major Tournament Match Statistics	Multivariate	Integer, Real	Classification, Regression, Clustering	127	42	Yes		2014-06-01	104149	0
Parkinson Speech Dataset with  Multiple Types of Sound Recordings	Multivariate	Integer, Real	Classification, Regression	1040	26		Life	2014-06-12	104223	0
Gesture Phase Segmentation	Multivariate, Sequential, Time-Series	Real	Classification, Clustering	9900	50			2014-06-18	54067	0
Perfume Data	Univariate, Domain-Theory	Integer	Classification, Clustering	560	2		Computer	2014-07-22	146743	0
BlogFeedback	Multivariate	Integer, Real	Regression	60021	281		Social	2014-05-29	100529	0
REALDISP Activity Recognition Dataset	Multivariate, Time-Series	Real	Classification	1419	120		Computer	2014-07-25	46476	0
Newspaper and magazine images segmentation dataset			Classification	101			Computer	2014-07-15	28723	0
AAAI 2014 Accepted Papers	Multivariate		Clustering	399	6		Computer	2014-07-30	55712	0
Gas sensor array under flow modulation	Multivariate, Time-Series	Real	Classification, Regression	58	120432		Computer	2014-09-10	39945	0
Gas sensor array exposed to turbulent gas mixtures	Multivariate, Time-Series	Real	Classification, Regression	180	150000		Computer	2014-10-10	42822	0
UJIIndoorLoc	Multivariate	Integer, Real	Classification, Regression	21048	529		Computer	2014-09-18	101911	0
Sentence Classification	Text	Integer	Classification					2014-11-05	77900	0
Dow Jones Index	Time-Series	Integer, Real	Classification, Clustering	750	16		Business	2014-10-23	223361	0
sEMG for Basic Hand movements	Time-Series	Real	Classification	3000	2500		Life	2014-11-18	70781	0
AAAI 2013 Accepted Papers	Multivariate		Clustering	150	5		Computer	2014-07-30	58209	0
Geographical Original of Music	Multivariate	Real	Classification, Regression	1059	68			2014-10-18	89972	0
Condition Based Maintenance of Naval Propulsion Plants	Multivariate	Real	Regression	11934	16		Computer	2014-09-11	62542	0
Grammatical Facial Expressions	Multivariate, Sequential	Real	Classification, Clustering	27965	100		Computer	2014-10-06	74103	0
NoisyOffice	Multivariate	Real	Classification, Regression	216	216		Computer	2015-01-03	69372	0
MHEALTH Dataset	Multivariate, Time-Series	Real	Classification	120	23		Computer	2014-12-07	105812	0
Student Performance	Multivariate	Integer	Classification, Regression	649	33		Social	2014-11-27	811750	0
ElectricityLoadDiagrams20112014	Time-Series	Real	Regression, Clustering	370	140256		Computer	2015-03-13	80649	0
Gas sensor array under dynamic gas mixtures	Multivariate, Time-Series	Real	Classification, Regression	4178504	19		Computer	2015-03-20	55217	0
microblogPCU	Multivariate, Univariate, Sequential, Text	Integer, Real	Classification, Causal-Discovery	221579	20	Yes	Computer	2015-03-17	51664	0
Firm-Teacher_Clave-Direction_Classification	Multivariate		Classification	10800	20			2015-04-24	29991	0
Dataset for Sensorless Drive Diagnosis	Multivariate	Real	Classification	58509	49		Computer	2015-02-24	75829	0
TV News Channel Commercial Detection Dataset	Multivariate	Real	Classification, Clustering	129685	12		Computer	2015-03-27	75340	0
Phishing Websites		Integer	Classification	2456	30		Computer Security	2015-03-26	155318	0
Greenhouse Gas Observing Network	Multivariate, Time-Series	Real	Regression	2921	5232		Physical	2015-04-16	59836	0
Diabetic Retinopathy Debrecen Data Set	Multivariate	Integer, Real	Classification	1151	20		Life	2014-11-03	112545	0
HIV-1 protease cleavage	Multivariate	Categorical	Classification	6590	1		Life	2015-04-25	63129	0
Sentiment Labelled Sentences	Text		Classification	3000				2015-05-30	183858	0
Online News Popularity	Multivariate	Integer, Real	Classification, Regression	39797	61		Business	2015-05-31	308470	0
Forest type mapping	Multivariate		Classification	326	27		Life	2015-05-25	61339	0
wiki4HE	Multivariate		Regression, Clustering, Causal-Discovery	913	53	Yes	Social	2015-05-04	49924	0
Online Video Characteristics and Transcoding Time Dataset	Multivariate	Integer, Real	Regression	168286	11		Computer	2015-05-19	44705	0
Chronic_Kidney_Disease	Multivariate	Real	Classification	400	25	Yes		2015-07-03	180997	0
Machine Learning based ZZAlpha Ltd. Stock Recommendations 2012-2014	Sequential, Time-Series	Real	Classification	314080		Yes	Business	2015-06-06	53550	0
Folio	Multivariate		Classification, Clustering	637	20	Yes		2015-07-05	60610	0
Taxi Service Trajectory - Prediction Challenge, ECML PKDD 2015	Multivariate, Sequential, Time-Series, Domain-Theory	Real	Clustering, Causal-Discovery	1710671	9	Yes	Computer	2015-07-11	84392	0
Cuff-Less Blood Pressure Estimation	Multivariate	Real	Classification, Regression	12000	3	Yes	Life	2015-07-27	119493	0
Smartphone-Based Recognition of Human Activities and Postural Transitions	Multivariate, Time-Series	Real	Classification	10929	561		Life	2015-07-29	180945	0
Mice Protein Expression	Multivariate	Real	Classification, Clustering	1080	82	Yes	Life	2015-08-04	82671	0
UJIIndoorLoc-Mag	Multivariate, Sequential, Time-Series	Integer, Real	Classification, Regression, Clustering	40000	13		Computer	2015-09-10	44389	0
Heterogeneity Activity Recognition	Multivariate, Time-Series	Real	Classification, Clustering	43930257	16	Yes	Computer	2015-10-26	105898	0
Educational Process Mining (EPM): A Learning Analytics Data Set	Multivariate, Sequential, Time-Series	Integer	Classification, Regression, Clustering	230318	13		Computer	2015-09-24	103688	0
HEPMASS	Multivariate	Real	Classification	10500000	28		Physical	2016-01-28	66895	0
Indoor User Movement Prediction from RSS data	Multivariate, Sequential, Time-Series	Real	Classification	13197	4		Computer	2016-02-04	65574	0
Open University Learning Analytics dataset	Multivariate, Sequential, Time-Series	Integer	Classification, Regression, Clustering			Yes	Computer	2015-12-21	65594	0
default of credit card clients	Multivariate	Integer, Real	Classification	30000	24		Business	2016-01-26	519437	0
Mesothelioma’s disease data set 	Multivariate	Real	Classification	324	34		Computer	2016-01-11	16289	0
Online Retail	Multivariate, Sequential, Time-Series	Integer, Real	Classification, Clustering	541909	8		Business	2015-11-06	528065	0
SIFT10M	Multivariate	Integer	Causal-Discovery	11164866	128		Computer	2016-02-23	33150	0
GPS Trajectories	Multivariate	Real	Classification, Regression	163	15	Yes	Computer	2016-02-29	112295	0
Detect Malacious Executable(AntiVirus)	Multivariate	Real	Classification	373	513	Yes	Computer	2016-03-03	258573	0
Occupancy Detection 	Multivariate, Time-Series	Real	Classification	20560	7		Computer	2016-02-29	148584	0
Improved Spiral Test Using Digitized Graphics Tablet for Monitoring Parkinson’s Disease	Multivariate	Real	Classification, Regression, Clustering	40	7		Computer	2016-03-05	11189	0
News Aggregator	Multivariate		Classification, Clustering	422937	5			2016-02-28	92553	0
Air Quality	Multivariate, Time-Series	Real	Regression	9358	15	Yes	Computer	2016-03-23	474306	0
Twin gas sensor arrays	Multivariate, Time-Series, Domain-Theory	Real	Classification, Regression	640	480000		Computer	2016-05-19	49183	0
Gas sensors for home activity monitoring	Multivariate, Time-Series	Real	Classification	919438	11		Computer	2016-07-15	85065	0
Facebook Comment Volume Dataset	Multivariate	Integer, Real	Regression	40949	54			2016-03-11	99039	0
Smartphone Dataset for Human Activity Recognition (HAR) in Ambient Assisted Living (AAL)	Time-Series	Real	Classification	5744	561		Computer	2016-03-09	50891	0
Polish companies bankruptcy data	Multivariate	Real	Classification	10503	64	Yes	Business	2016-04-11	112404	0
Activity Recognition system based on Multisensor data fusion (AReM)	Multivariate, Sequential, Time-Series	Real	Classification	42240	6		Computer	2016-05-18	65979	0
Dota2 Games Results	Multivariate		Classification	102944	116		Game	2016-08-14	105015	0
Facebook metrics	Multivariate	Integer	Regression	500	19		Business	2016-08-05	173388	0
UbiqLog (smartphone lifelogging)	Multivariate		Causal-Discovery	9782222			Computer	2016-06-16	31564	0
NIPS Conference Papers 1987-2015	Text	Integer	Clustering	11463	5812		Computer	2016-11-23	51905	0
HTRU2	Multivariate	Real	Classification, Clustering	17898	9		Physical	2017-02-14	66861	0
Drug consumption (quantified)	Multivariate	Real	Classification	1885	32		Social	2016-10-17	137126	0
Appliances energy prediction	Multivariate, Time-Series	Real	Regression	19735	29		Computer	2017-02-15	134056	0
Miskolc IIS Hybrid IPS	Text	Integer	Classification, Clustering, Causal-Discovery	1540	67	Yes	Computer	2016-07-04	14099	0
KDC-4007 dataset Collection	Multivariate, Text	Integer	Classification, Regression	4007			Computer	2017-04-27	32255	0
Geo-Magnetic field and WLAN dataset for indoor localisation from wristband and smartphone	Multivariate, Sequential, Time-Series	Integer, Real	Classification, Regression, Clustering	153540	25		Computer	2017-01-10	33585	0
DrivFace	Multivariate	Real	Classification, Regression, Clustering	606	6400		Computer	2016-05-26	38243	0
Website Phishing	Multivariate	Integer	Classification	1353	10		Computer	2016-11-02	89147	0
YouTube Spam Collection	Text		Classification	1956	5		Computer	2017-03-26	86839	0
Beijing PM2.5 Data	Multivariate, Time-Series	Integer, Real	Regression	43824	13	Yes	Physical	2017-01-19	187416	0
Cargo 2000 Freight Tracking and Tracing	Multivariate, Sequential	Integer	Classification, Regression	3942	98	Yes	Business	2016-11-03	46015	0
Cervical cancer (Risk Factors)	Multivariate	Integer, Real	Classification	858	36	Yes	Life	2017-03-03	130323	0
Quality Assessment of Digital Colposcopies	Multivariate	Real	Classification	287	69		Life	2017-03-08	20712	0
KASANDR	Multivariate	Integer	Causal-Discovery	17764280	2158859		Life	2017-05-16	35473	0
FMA: A Dataset For Music Analysis	Multivariate, Time-Series	Real	Classification, Clustering	106574	518		Computer	2017-05-24	88970	0
Air quality	Multivariate, Time-Series	Real	Regression	9358	15	Yes	Computer	2016-03-23	474307	0
Epileptic Seizure Recognition	Multivariate, Time-Series	Integer, Real	Classification, Clustering	11500	179		Life	2017-05-24	119926	0
Devanagari Handwritten Character Dataset		Integer	Classification	92000			Computer	2016-09-01	30351	0
Stock portfolio performance	Multivariate	Real	Regression	315	12		Business	2016-04-22	70187	0
MoCap Hand Postures	Multivariate	Integer, Real	Classification, Clustering	78095	38	Yes	Computer	2016-11-22	22887	0
Early biomarkers of Parkinson's disease based on natural connected speech	Multivariate	Integer, Real	Classification, Regression	130	65	Yes	Life	2017-02-15	3558	0
Data for Software Engineering Teamwork Assessment in Education Setting	Sequential, Time-Series	Integer, Real	Classification	74	102	Yes	Computer	2017-06-29	36406	0
PM2.5 Data of Five Chinese Cities	Multivariate, Time-Series	Integer, Real	Regression	52854	86	Yes	Physical	2017-07-18	87245	0
Parkinson Disease Spiral Drawings Using Digitized Graphics Tablet	Multivariate	Integer	Classification, Regression, Clustering	77	7		Computer	2017-07-20	47997	0
Sales_Transactions_Dataset_Weekly	Multivariate, Time-Series	Integer, Real	Clustering	811	53			2017-07-16	75114	0
Las Vegas Strip		Integer	Classification, Regression	504	20		Business	2017-07-23	98215	0
Eco-hotel	Text			401	1		Business	2017-07-23	39346	0
MEU-Mobile KSD	Multivariate	Integer, Real	Classification	2856	71		Computer	2016-05-14	13565	0
Crowdsourced Mapping	Multivariate		Classification	10546	29		Physical	2016-05-25	24167	0
gene expression cancer RNA-Seq	Multivariate	Real	Classification, Clustering	801	20531		Life	2016-06-09	65037	0
Hybrid Indoor Positioning Dataset from WiFi RSSI, Bluetooth and magnetometer	Multivariate, Sequential, Time-Series	Real	Classification	1540	65	Yes	Computer	2016-12-18	15852	0
Burst Header Packet (BHP) flooding attack on Optical Burst Switching (OBS) Network	Text	Integer	Classification	1075	22		Computer	2017-08-28	31468	0
Motion Capture Hand Postures	Multivariate	Real	Classification, Clustering	78095	38	Yes	Computer	2017-01-27	31567	0
Anuran Calls (MFCCs)	Multivariate	Real	Classification, Clustering	7195	22		Life	2017-02-24	50763	0
TTC-3600: Benchmark dataset for Turkish text categorization	Text	Integer	Classification, Clustering	3600	4814		Computer	2017-02-08	15609	0
Gastrointestinal Lesions in Regular Colonoscopy	Multivariate	Real	Classification	76	698		Computer	2016-10-15	18993	0
Daily Demand Forecasting Orders	Time-Series	Integer	Regression	60	13		Business	2017-11-21	84652	0
Paper Reviews	Text	Integer	Classification, Regression	405	10	Yes	Computer	2017-10-23	55016	0
extention of Z-Alizadeh sani dataset		Integer, Real	Classification	303	59		Life	2017-11-17	12500	0
Z-Alizadeh Sani		Integer, Real	Classification	303	56		Life	2017-11-17	23734	0
Dynamic Features of VirusShare Executables	Multivariate, Time-Series	Integer	Classification, Regression	107888	482		Computer	2017-11-29	31908	0
IDA2016Challenge	Multivariate	Integer	Classification	76000	171	Yes	Computer	2017-01-17	18173	0
DSRC Vehicle Communications	Sequential, Text	Real	Clustering	10000	5		Computer	2017-12-13	31997	0
Mturk User-Perceived Clusters over Images	Multivariate, Text	Integer	Clustering	180	500		Computer	2016-11-02	9485	0
Character Font Images	Multivariate	Integer, Real	Classification	745000	411		Computer	2016-08-14	36123	0
DeliciousMIL: A Data Set for Multi-Label Multi-Instance Learning with Instance Labels	Text	Integer	Classification	12234	8519		Computer	2016-10-27	19420	0
Autistic Spectrum Disorder Screening Data for Children  	Multivariate	Integer	Classification	292	21	Yes	Life	2017-12-24	47270	0
Autistic Spectrum Disorder Screening Data for Adolescent   	Multivariate	Integer	Classification	104	21	Yes	Life	2017-12-24	32527	0
APS Failure at Scania Trucks	Multivariate	Integer, Real	Classification	60000	171	Yes	Computer	2017-12-08	60102	0
Wireless Indoor Localization	Multivariate	Real	Classification	2000	7		Computer	2017-12-04	48587	0
HCC Survival	Multivariate	Integer, Real	Classification	165	49	Yes	Life	2017-11-29	36102	0
CSM (Conventional and Social Media Movies) Dataset 2014 and 2015	Multivariate	Integer	Classification, Regression	217	12	Yes	Computer	2017-10-11	32891	0
University of Tehran Question Dataset 2016 (UTQD.2016)	Text		Classification	1175	3	Yes		2017-09-27	13417	0
Autism Screening Adult		Integer	Classification	704	21	Yes	Social	2017-12-24	64515	0
Activity recognition with healthy older people using a batteryless wearable sensor	Sequential	Real	Classification	75128	9		Life	2016-12-12	37377	0
Immunotherapy Dataset	Univariate	Integer, Real	Classification	90	8		Life	2018-01-04	53314	0
Cryotherapy Dataset 	Univariate	Integer, Real	Classification	90	7		Life	2018-01-04	45899	0
OCT data & Color Fundus Images of Left & Right Eyes	Multivariate	Real	Classification	50	2		Computer	2016-11-01	17078	0
Discrete Tone Image Dataset	Multivariate		Classification	71	11		Computer	2018-01-20	20874	0
News Popularity in Multiple Social Media Platforms	Multivariate, Time-Series, Text	Integer, Real	Regression	93239	11		Computer	2018-02-20	61120	0
Ultrasonic flowmeter diagnostics	Multivariate	Real	Classification	540	173		Computer	2018-01-13	18266	0
ICMLA 2014 Accepted Papers Data Set	Multivariate		Classification, Clustering	105	5			2018-02-19	16286	0
BLE RSSI Dataset for Indoor localization and Navigation	Multivariate, Sequential, Time-Series	Integer	Classification, Clustering	6611	15	Yes	Computer	2018-01-25	32604	0
Container Crane Controller Data Set	Univariate, Domain-Theory	Real	Classification, Regression	15	3		Computer	2018-01-01	33053	0
Residential Building Data Set	Multivariate	Real	Regression	372	105		Computer	2018-02-19	50024	0
Health News in Twitter	Text	Real	Clustering	58000	25000		Computer	2018-02-19	52525	0
chipseq	Sequential	Integer	Classification	4960			Life	2018-02-21	22217	0
SGEMM GPU kernel performance	Multivariate	Integer	Regression	241600	18		Computer	2018-02-27	27563	0
Repeat Consumption Matrices	Multivariate	Real	Clustering	130000	21000		Computer	2018-03-22	22296	0
detection_of_IoT_botnet_attacks_N_BaIoT	Multivariate, Sequential	Real	Classification, Clustering	7062606	115		Computer	2018-03-19	71745	0
Absenteeism at work	Multivariate, Time-Series	Integer, Real	Classification, Clustering	740	21		Business	2018-04-05	189132	0
SCADI	Multivariate		Classification, Clustering	70	206		Life	2018-04-14	31023	0
Condition monitoring of hydraulic systems	Multivariate, Time-Series	Real	Classification, Regression	2205	43680		Computer	2018-04-26	56608	0
Carbon Nanotubes	Univariate	Real	Regression	10721	8		Computer	2018-04-05	41034	0
Optical Interconnection Network 	Multivariate	Integer, Real	Classification, Regression	640	10		Computer	2018-03-29	27658	0
Sports articles for objectivity analysis	Multivariate, Text	Integer	Classification	1000	59		Social	2018-04-09	36981	0
Breast Cancer Coimbra	Multivariate	Integer	Classification	116	10		Life	2018-03-06	96556	0
GNFUV Unmanned Surface Vehicles Sensor Data	Multivariate, Time-Series	Real	Regression	1672	5		Computer	2018-05-06	22744	0
Dishonest Internet users Dataset	Multivariate		Classification, Clustering	322	5		Computer	2018-03-20	48847	0
Victorian Era Authorship Attribution	Text		Classification	93600	1000		Computer	2018-05-31	17645	0
Simulated Falls and Daily Living Activities Data Set	Time-Series	Integer	Classification	3060	138	Yes	Life	2018-06-06	82915	0
Multimodal Damage Identification for Humanitarian Computing	Multivariate, Text	Integer	Classification	5879			Social	2018-06-01	13114	0
EEG Steady-State Visual Evoked Potential Signals	Multivariate, Time-Series	Integer	Classification, Regression	9200	16		Life	2018-07-13	36499	0
Roman Urdu Data Set	Text		Classification	20000	2		Computer	2018-08-29	22498	0
Avila	Multivariate	Real	Classification	20867	10		Computer	2018-06-20	34741	0
PANDOR	Multivariate	Categorical	Recommendation				Life	2018-10-02	15463	0
Drug Review Dataset (Druglib.com)	Multivariate, Text	Integer	Classification, Regression, Clustering	4143	8			2018-10-02	55877	0
Drug Review Dataset (Drugs.com)	Multivariate, Text	Integer	Classification, Regression, Clustering	215063	6		Life	2018-10-04	83417	0
Physical Unclonable Functions	Multivariate	Integer	Classification	6000000	129		Computer	2018-10-08	16832	0
Superconductivty Data	Multivariate	Real	Regression	21263	81		Physical	2018-10-12	46625	0
WESAD (Wearable Stress and Affect Detection)	Multivariate, Time-Series	Real	Classification, Regression	63000000	12		Computer	2018-09-14	44227	0
GNFUV Unmanned Surface Vehicles Sensor Data Set 2	Multivariate, Sequential, Time-Series	Real	Regression	10190	6	Yes	Computer	2018-09-13	10970	0
Student Academics Performance	Multivariate		Classification	300	22		Computer	2018-09-16	69123	0
Online Shoppers Purchasing Intention Dataset	Multivariate	Integer, Real	Classification, Clustering	12330	18		Business	2018-08-31	102694	0
PMU-UD	Univariate		Classification	5180	9		Computer	2018-08-05	11547	0
Parkinson's Disease Classification	Multivariate	Integer, Real	Classification	756	754		Computer	2018-11-05	66025	0
Electrical Grid Stability Simulated Data 	Multivariate	Real	Classification, Regression	10000	14		Physical	2018-11-16	50220	0
Caesarian Section Classification Dataset	Univariate	Integer	Classification	80	5		Life	2018-11-02	42462	0
BAUM-1	Time-Series		Classification	1184			Computer	2018-11-09	17245	0
BAUM-2	Time-Series		Classification	1047			Computer	2018-11-09	11266	0
Audit Data	Multivariate	Real	Classification	777	18	Yes		2018-07-14	44865	0
BuddyMove Data Set	Multivariate, Text	Real	Classification, Clustering	249	7			2018-07-01	30455	0
Real estate valuation data set	Multivariate	Integer, Real	Regression	414	7		Business	2018-08-18	85622	0
Somerville Happiness Survey		Integer	Classification	143	7		Life	2018-05-24	21562	0
2.4 GHZ Indoor Channel Measurements	Multivariate	Real	Classification	7840	5		Computer	2018-11-30	65445	0
EMG data for gestures	Time-Series	Real	Classification	30000	6		Life	2019-01-07	52566	0
Parking Birmingham	Multivariate, Univariate, Sequential, Time-Series	Real	Classification, Regression, Clustering	35717	4	Yes	Computer	2019-01-02	53639	0
Behavior of the urban traffic of the city of Sao Paulo in Brazil	Multivariate, Time-Series	Integer, Real	Classification, Regression	135	18		Computer	2018-12-12	50942	0
Travel Reviews	Multivariate, Text	Real	Classification, Clustering	980	11			2018-12-19	77103	0
Tarvel Review Ratings	Multivariate, Text	Real	Classification, Clustering	5456	25			2018-12-19	55001	0
Rice Leaf Diseases	Multivariate	Integer	Classification	120			Computer	2019-04-14	45107	0
Gas sensor array temperature modulation	Multivariate, Time-Series	Real	Classification, Regression	4095000	20		Computer	2019-04-15	23633	0
Facebook Live Sellers in Thailand	Multivariate	Integer	Clustering	7051	12		Business	2019-04-22	39279	0
Parkinson Dataset with replicated acoustic features 	Multivariate		Classification	240	46		Life	2019-04-10	22009	0
Metro Interstate Traffic Volume	Multivariate, Sequential, Time-Series	Integer, Real	Regression	48204	9			2019-05-07	53243	0
Query Analytics Workloads Dataset	Multivariate	Real	Regression, Clustering	260000	8		Computer	2019-06-22	15728	0
Wave Energy Converters	Multivariate	Real	Regression	288000	49	Yes	Computer	2019-06-30	20857	0
PPG-DaLiA	Multivariate, Time-Series	Real	Regression	8300000	11		Computer	2019-07-30	20543	0
Alcohol QCM Sensor Dataset	Multivariate	Real	Classification, Regression, Clustering	125	8		Computer	2019-07-22	51366	0
Divorce Predictors data set	Multivariate, Univariate	Integer	Classification	170	54		Life	2019-07-24	87656	0
Incident management process enriched event log	Multivariate, Sequential	Integer	Regression, Clustering	141712	36	Yes	Business	2019-07-14	25225	0
Opinion Corpus for Lebanese Arabic Reviews (OCLAR)	Text	Integer	Classification	3916	3916		Computer	2019-06-17	4750	0
MEx	Time-Series	Real	Classification, Clustering	6262	710		Computer	2019-09-20	13479	0
Beijing Multi-Site Air-Quality Data	Multivariate, Time-Series	Integer, Real	Regression	420768	18	Yes	Physical	2019-09-20	49758	0
Online Retail II	Multivariate, Sequential, Time-Series, Text	Integer, Real	Classification, Regression, Clustering	1067371	8	Yes	Business	2019-09-21	87599	0
Hepatitis C Virus (HCV) for Egyptian patients	Multivariate	Integer, Real	Classification	1385	29		Life	2019-09-30	51872	0
QSAR fish toxicity	Multivariate	Real	Regression	908	7		Physical	2019-09-23	28341	0
QSAR aquatic toxicity	Multivariate	Real	Regression	546	9		Physical	2019-09-23	16977	0
Human Activity Recognition from Continuous Ambient Sensor Data	Multivariate, Sequential, Time-Series	Integer, Real	Classification	13956534	37	Yes		2019-09-20	26131	0
WISDM Smartphone and Smartwatch Activity and Biometrics Dataset 	Multivariate, Time-Series	Real	Classification	15630426	6		Computer	2019-10-06	60955	0
QSAR oral toxicity	Multivariate		Classification	8992	1024		Physical	2019-10-01	7803	0
QSAR androgen receptor	Multivariate		Classification	1687	1024		Physical	2019-10-01	4094	0
QSAR Bioconcentration classes dataset	Multivariate		Classification, Regression	779	14		Life	2019-10-11	7440	0
QSAR fish bioconcentration factor (BCF)	Multivariate	Integer, Real	Regression	1056	7		Life	2019-11-27	7521	0
A study of  Asian Religious and Biblical Texts	Multivariate, Text	Integer	Classification, Clustering	590	8265		Social	2019-12-24	21810	0
Real-time Election Results: Portugal 2019	Multivariate, Time-Series, Text	Integer, Real	Regression	21643	29		Social	2019-12-05	14845	0
Bias correction of numerical prediction model temperature forecast	Multivariate	Real	Regression	7750	25	Yes	Physical	2020-02-18	18245	0
Bar Crawl: Detecting Heavy Drinking	Multivariate, Time-Series	Real	Classification, Regression	14057567	3		Life	2020-02-24	59713	0
Kitsune Network Attack Dataset	Multivariate, Sequential, Time-Series	Real	Classification, Clustering, Causal-Discovery	27170754	115		Computer	2019-10-16	119692	0
Shoulder Implant X-Ray Manufacturer Classification	Multivariate	Real	Classification	597	1		Life	2020-05-20	4323	0
Speaker Accent Recognition	Multivariate	Real	Classification	329	12		Social	2020-03-04	7249	0
Heart failure clinical records	Multivariate	Integer, Real	Classification, Regression, Clustering	299	13		Life	2020-02-05	27032	0
Deepfakes: Medical Image Tamper Detection	Multivariate	Real	Classification	20000	200000		Computer	2020-03-11	5789	0
selfBACK	Time-Series	Real	Classification, Clustering	26136	6		Computer	2020-06-15	8113	0
South German Credit	Multivariate	Integer, Real	Classification, Regression, Clustering	1000	21		Business	2019-11-29	7102	0
Exasens	Multivariate	Integer	Classification, Clustering	399	4	Yes	Life	2020-04-22	7858	0
Swarm Behaviour	Multivariate	Real	Classification	24017	2400		Computer	2020-06-16	12640	0
Crop mapping using fused optical-radar data set	Multivariate, Time-Series	Real	Classification	325834	175			2020-06-16	7573	0
BitcoinHeistRansomwareAddressDataset	Multivariate, Time-Series	Integer, Real	Classification, Clustering	2916697	10		Computer	2020-06-17	15092	0
Facebook Large Page-Page Network	Multivariate		Classification	22470	4714		Social	2020-07-22	21181	0
Amphibians	Multivariate	Integer, Real	Classification	189	23		Life	2020-07-17	17161	0
Early stage diabetes risk prediction dataset.	Multivariate		Classification	520	17	Yes	Computer	2020-07-12	25700	0
Turkish Spam V01	Text		Classification	826	2		Social	2019-04-07	1159	0
Stock keeping units	Multivariate	Integer, Real	Clustering	2279	9	Yes	Business	2019-04-10	2618	0
Demand Forecasting for a store	Multivariate	Integer	Regression	28764	8			2019-05-14	6030	0
Detect Malware Types	Multivariate, Time-Series, Text		Classification	7107	280		Computer	2019-06-03	4074	0
Wave Energy Converters	Multivariate	Real	Regression	288000	49	Yes	Computer	2019-06-30	20858	0
Youtube cookery channels viewers comments in Hinglish	Multivariate, Text		Classification	9800	3		Computer	2019-07-03	1523	0
Pedestrian in Traffic Dataset	Multivariate, Sequential, Time-Series	Real	Classification, Regression, Causal-Discovery	4760	14	Yes	Computer	2019-07-04	4635	0
Cervical Cancer Behavior Risk	Multivariate, Univariate	Integer	Classification, Clustering	72	19		Life	2019-07-17	4302	0
Sattriya_Dance_Single_Hand_Gestures Dataset	Multivariate		Classification	1450			Computer	2019-07-22	498	0
Divorce Predictors data set	Multivariate, Univariate	Integer	Classification	170	54		Life	2019-07-24	87657	0
3W dataset	Multivariate, Time-Series	Integer, Real	Classification, Clustering	1984	8	Yes	Computer	2019-08-15	6820	0
Malware static and dynamic features VxHeaven and Virus Total	Multivariate	Integer, Real	Classification	2955	1087		Computer	2019-01-31	1171	0
Internet Firewall Data	Multivariate		Classification	65532	12		Computer	2019-02-04	3726	0
User Profiling and Abusive Language Detection Dataset			Classification	65919	3		Computer	2019-04-25	1452	0
Estimation of obesity levels based on eating habits and physical condition 	Multivariate	Integer	Classification, Regression, Clustering	2111	17		Life	2019-08-27	10868	0
Rice (Cammeo and Osmancik)	Multivariate	Real	Classification	3810	8		Computer	2019-10-06	3250	0
Vehicle routing and scheduling problems	Multivariate	Integer, Real	Clustering	18	9		Business	2019-10-07	2790	0
Algerian Forest Fires Dataset  	Multivariate	Real	Classification, Regression	244	12		Life	2019-10-22	6217	0
Breath Metabolomics	Multivariate, Time-Series	Real	Classification, Clustering	104	1656		Life	2019-11-08	2925	0
Horton General Hospital	Multivariate, Time-Series	Integer	Causal-Discovery	139	6		Life	2019-11-13	1904	0
UrbanGB, urban road accidents coordinates labelled by the urban center	Univariate	Real	Clustering	360177	2		Computer	2019-11-22	1531	0
Gas Turbine CO and NOx Emission Data Set	Multivariate	Real	Regression, Clustering	36733	11		Computer	2019-11-29	4015	0
Activity recognition using wearable physiological measurements	Multivariate	Real	Classification	4480	533		Life	2019-12-04	3608	0
clickstream data for online shopping	Multivariate, Sequential	Integer, Real	Classification, Regression, Clustering	165474	14		Business	2019-12-09	9942	0
CNNpred: CNN-based stock market prediction using a diverse set of variables	Sequential, Time-Series	Real	Classification, Regression	1985	84	Yes	Computer	2019-12-26	3317	0
Apartment for rent classified	Multivariate		Classification, Regression, Clustering	10000	22		Business	2019-12-26	13634	0
: Simulated Data set of Iraqi tourism places	Multivariate		Classification, Clustering	232	16		Computer	2020-01-10	2806	0
Nasarian CAD Dataset	Multivariate		Classification	150	52		Life	2020-02-28	1002	0
Monolithic Columns in Troad and Mysia Region	Multivariate	Real	Classification	11	19		Computer	2020-02-08	656	0
Bar Crawl: Detecting Heavy Drinking	Multivariate, Time-Series	Real	Classification, Regression	14057567	3		Life	2020-02-24	59714	0
Seoul Bike Sharing Demand	Multivariate	Integer, Real	Regression	8760	14		Computer	2020-03-01	7874	0
Person Classification Gait Data	Multivariate	Real	Classification	48	321		Computer	2020-03-02	1909	0
Shill Bidding Dataset	Multivariate		Classification, Clustering	6321	13		Computer	2020-03-10	2549	0
Iranian Churn Dataset	Multivariate	Integer	Classification, Regression	3150	13		Business	2020-04-09	5845	0
Unmanned Aerial Vehicle (UAV) Intrusion Detection	Multivariate	Real	Classification	17256	55		Computer	2020-04-12	3054	0
Bone marrow transplant: children	Multivariate	Integer, Real	Classification, Regression	187	39	Yes	Life	2020-04-21	5546	0
Exasens	Multivariate	Integer	Classification, Clustering	399	4	Yes	Life	2020-04-22	7859	0
COVID-19 Surveillance	Multivariate		Classification	14	7		Computer	2020-04-24	11731	0
Refractive errors	Multivariate	Integer	Classification	467	79	Yes	Life	2020-04-27	1858	0
Shoulder Implant X-Ray Manufacturer Classification	Multivariate	Real	Classification	597	1		Life	2020-05-20	4324	0
CLINC150	Text		Classification	23700				2020-05-08	2052	0
HCV data	Multivariate	Integer, Real	Classification, Clustering	615	14	Yes	Life	2020-06-10	17082	0
Taiwanese Bankruptcy Prediction	Multivariate	Integer	Classification	6819	96		Business	2020-06-28	15699	0
South German Credit (UPDATE)	Multivariate	Integer, Real	Classification, Regression, Clustering	1000	21		Business	2020-06-20	11822	0
IIWA14-R820-Gazebo-Dataset-10Trajectories		Integer	Regression				Computer	2020-06-09	2138	0
Guitar Chords finger positions	Text		Classification	2633	5			2020-06-05	8484	0
Russian Corpus of Biographical Texts	Text		Classification	200	2			2020-06-03	1514	0
Codon usage	Multivariate		Classification, Clustering	13028	69	Yes	Life	2020-10-03	7781	0
Intelligent Media Accelerometer and Gyroscope (IM-AccGyro) Dataset	Time-Series	Real	Classification	800	9		Physical	2020-09-03	2433	0
